user_id,name
1,User 1
2,User 2
3,User 3
4,User 4
5,User 5
6,User 6
7,User 7
8,User 8
9,User 9
10,User 10
11,User 11
12,User 12
13,User 13
14,User 14
15,User 15
16,User 16
17,User 17
18,User 18
19,User 19
20,User 20
21,User 21
22,User 22
23,User 23
24,User 24
25,User 25
26,User 26
27,User 27
28,User 28
29,User 29
30,User 30
31,User 31
32,User 32
33,User 33
34,User 34
35,User 35
36,User 36
37,User 37
38,User 38
39,User 39
40,User 40
41,User 41
42,User 42
43,User 43
44,User 44
45,User 45
46,User 46
47,User 47
48,User 48
49,User 49
50,User 50
